{
  "trial_number": 183,
  "score": 3.1727120351604015,
  "metrics": {
    "total_trades": 111,
    "pb_trades": 111,
    "win_rate": 60.4,
    "expectancy": 0.2546,
    "profit_factor": 2.641,
    "max_drawdown_r": -3.79
  },
  "params": {
    "rs_threshold": 0.08839155182454317,
    "cci_threshold": -107.6442352347089,
    "ema_distance": 2.093764129282863,
    "score_threshold": 1.0726130191824774,
    "pullback_weight": 2.5362351516564994,
    "tdl_bonus": 0.5727765547632151,
    "vcp_bonus": 0.7381790177949952,
    "cooldown_days": 5,
    "tp_multiple": 5.160751990358413
  },
  "generated_at": "2026-03-12T20:03:58.666636",
  "frozen_brk": {
    "brk_vol_mult": 2.0,
    "brk_stop_atr": 1.0,
    "brk_min_pct": 0.005,
    "brk_gap_pct": 0.025,
    "brk_trail_mult": 4.0,
    "brk_regime_factor": 0.8,
    "brk_donchian_n": 63,
    "brk_pivot_strength": 2,
    "brk_atr_expansion": 0.0,
    "brk_min_consolidation": 3
  }
}