trial_number,value,ATR_MULTIPLIER,VCP_TIGHTNESS_RANGE,BREAKOUT_BUFFER_ATR,BREAKOUT_VOL_MULT,TARGET_RR,TRAIL_ATR_MULT,REGIME_BULL_THRESHOLD,ENGINE3_RS_THRESHOLD
0,-5.0,1.349816047538945,0.06827500072434707,0.446398788362281,1.0993292420985183,2.293611184265462,1.9871934244034433,22,-0.013382385422506485
1,-5.0,1.4404460046972836,0.0597825402228616,0.3041168988591605,1.2849549260809972,2.699465584480253,2.0548069328139316,26,-0.08165954901465662
0,-5.0,1.349816047538945,0.06827500072434707,0.446398788362281,1.0993292420985183,2.293611184265462,1.9871934244034433,22,-0.013382385422506485
1,-5.0,1.4404460046972836,0.0597825402228616,0.3041168988591605,1.2849549260809972,2.699465584480253,2.0548069328139316,26,-0.08165954901465662
0,-5.0,1.349816047538945,0.06827500072434707,0.446398788362281,1.0993292420985183,2.293611184265462,1.9871934244034433,22,-0.013382385422506485
1,-5.0,1.4404460046972836,0.0597825402228616,0.3041168988591605,1.2849549260809972,2.699465584480253,2.0548069328139316,26,-0.08165954901465662
0,-5.0,1.349816047538945,0.06827500072434707,0.446398788362281,1.0993292420985183,2.293611184265462,1.9871934244034433,22,-0.013382385422506485
1,-5.0,1.4404460046972836,0.0597825402228616,0.3041168988591605,1.2849549260809972,2.699465584480253,2.0548069328139316,26,-0.08165954901465662
